{"_timestamp":1.7373270000876179e+09,"_runtime":50.817926827,"_step":0,"_wandb":{"runtime":54},"lr-AdamW":3.1132038759388258e-06,"trainer/global_step":49}